,name,column_1,column_2,column_3,column_4,column_5,column_6,column_7,column_8,column_9,column_10,class
0,data/1/1.png,77107.99096679688,72249.4691772461,72154.96826171875,71826.126953125,71568.10607910156,71931.09985351562,72645.1123046875,73471.86553955078,73553.32098388672,71897.99157714844,0.0
1,data/1/2.png,79049.99084472656,74938.46453857422,74792.39965820312,75214.60412597656,75593.17974853516,75671.1005859375,75381.86010742188,76009.6820678711,76712.78100585938,70617.99182128906,0.0
2,data/1/3.png,77995.99096679688,74726.79357910156,74568.00366210938,74625.75946044922,74966.55395507812,75252.05041503906,75013.77447509766,75789.35961914062,76059.04705810547,74833.99133300781,0.0
3,data/1/4.png,79199.99084472656,74447.43170166016,74347.30694580078,74620.41131591797,74948.4292602539,75101.6050415039,75144.1167602539,75585.9976196289,76433.14678955078,73919.99145507812,0.0
4,data/1/5.png,78374.99084472656,75286.63806152344,74517.39764404297,74751.61669921875,75202.15844726562,76229.47637939453,77329.6552734375,77849.05004882812,78129.50952148438,68969.99194335938,0.0
5,data/1/6.png,78824.99084472656,72896.45806884766,71870.50787353516,72264.44494628906,72687.3882446289,72722.58660888672,72819.83697509766,73316.58892822266,74810.70959472656,67263.9921875,0.0
6,data/1/7.png,80024.99084472656,75429.87921142578,74743.56982421875,74540.23822021484,74430.48358154297,74060.30651855469,75119.26727294922,75433.98901367188,76301.60284423828,70421.99194335938,0.0
7,data/1/8.png,78291.99096679688,72675.50305175781,73210.06616210938,73747.80212402344,74120.7465209961,74152.60192871094,74445.91857910156,74649.68444824219,75123.087890625,75117.99133300781,0.0
8,data/1/9.png,79499.99084472656,77981.48852539062,78142.271484375,78230.560546875,78242.14196777344,78122.93041992188,78139.56005859375,78293.33471679688,78718.28454589844,73139.99157714844,0.0
9,data/1/10.png,86845.50634765625,85382.98291015625,85523.26574707031,85540.57177734375,85785.34448242188,86919.98999023438,86919.98999023438,86919.98999023438,86919.98999023438,83739.99035644531,0.0
10,data/1/11.png,85616.99011230469,85616.99011230469,81863.0816040039,81408.2798461914,81532.2583618164,81551.80139160156,81625.33911132812,82136.77099609375,85616.99011230469,81388.99060058594,0.0
11,data/1/12.png,85292.99011230469,85292.99011230469,82702.25067138672,81870.96502685547,83104.34509277344,82947.83953857422,83031.36096191406,83742.51470947266,85292.99011230469,83186.99035644531,0.0
12,data/1/13.png,85778.99011230469,85778.99011230469,84145.47058105469,82466.71368408203,83567.15924072266,81774.86108398438,82405.5073852539,84478.45104980469,85778.99011230469,83660.99035644531,0.0
13,data/1/14.png,84399.990234375,84399.990234375,76893.73815917969,67037.59716796875,67920.3168334961,68245.572265625,67002.8150024414,77351.74572753906,84399.990234375,73849.99145507812,0.0
14,data/1/15.png,85697.99011230469,85697.99011230469,82738.53692626953,82160.12860107422,82445.47735595703,82454.83178710938,82630.40783691406,82953.3101196289,85697.99011230469,82523.99047851562,0.0
15,data/1/16.png,85373.99011230469,85373.99011230469,82456.30340576172,82182.8197631836,82341.93505859375,82422.51770019531,82695.0512084961,83512.93438720703,85373.99011230469,83265.99035644531,0.0
16,data/1/17.png,85697.99011230469,85697.99011230469,82667.76470947266,82097.38684082031,82494.5625,82755.29077148438,82912.42901611328,83368.11499023438,85697.99011230469,74059.99145507812,0.0
17,data/1/18.png,85697.99011230469,85697.99011230469,85328.88452148438,85249.39245605469,85265.86218261719,85402.47155761719,85411.86730957031,85454.06481933594,85697.99011230469,78291.99096679688,0.0
18,data/1/19.png,85535.99011230469,77911.92596435547,77479.82019042969,77478.51776123047,77639.67504882812,77668.69451904297,78045.14721679688,78225.15148925781,78817.79119873047,80255.99072265625,0.0
19,data/1/20.png,85616.99011230469,81533.28448486328,80638.28796386719,80608.8648071289,79309.05810546875,78186.64916992188,80732.81079101562,81920.8525390625,82180.64532470703,82445.99047851562,0.0
20,data/1/21.png,86591.98999023438,80746.51477050781,74504.78826904297,73352.69616699219,72221.21002197266,72433.84436035156,74805.02001953125,77083.826171875,83841.72369384766,77087.99108886719,0.0
21,data/1/22.png,85697.99011230469,85377.67541503906,84360.01550292969,84483.84411621094,84590.37231445312,84638.85559082031,84947.36950683594,85178.45104980469,85560.77966308594,80407.99072265625,0.0
22,data/1/23.png,86427.98999023438,80802.05615234375,80252.16149902344,80391.98132324219,80343.36492919922,80818.1142578125,81366.22845458984,81646.57061767578,82313.88055419922,80103.99072265625,0.0
23,data/1/24.png,87083.98999023438,84255.70050048828,84238.60760498047,84440.90344238281,84290.11364746094,81488.14044189453,79866.12524414062,82500.4349975586,85128.37579345703,78587.99096679688,0.0
24,data/1/25.png,86591.98999023438,79972.61505126953,80670.45520019531,79689.05255126953,80588.96380615234,81263.69012451172,81866.77160644531,82131.30975341797,83250.10723876953,81311.99060058594,0.0
25,data/1/26.png,86099.98999023438,81772.34851074219,81791.98486328125,80848.5166015625,81236.73321533203,81619.31622314453,82018.61431884766,82623.9833984375,83240.9248046875,74549.99133300781,0.0
26,data/1/27.png,86102.99011230469,84997.40454101562,84792.49475097656,83646.59106445312,83886.12860107422,82909.0765991211,83865.29528808594,84917.27770996094,85206.87731933594,74409.99145507812,0.0
27,data/1/28.png,86755.98999023438,83938.74243164062,83276.73168945312,83435.84735107422,83879.2919921875,83947.66955566406,84164.53790283203,84585.15142822266,85066.7964477539,79349.99084472656,0.0
28,data/1/29.png,76976.2232055664,73379.13977050781,73528.58514404297,73862.1118774414,74262.16333007812,77780.2437133789,77995.99096679688,77995.99096679688,77995.99096679688,73779.99145507812,0.0
29,data/1/30.png,87208.2280883789,88643.98986816406,86573.47283935547,84654.62292480469,84738.1557006836,84786.94915771484,85186.65594482422,87016.31127929688,88643.98986816406,85439.990234375,0.0
30,data/1/31.png,87411.98999023438,87411.98999023438,83588.16229248047,82620.3564453125,82776.0263671875,83021.46783447266,83154.37023925781,84610.05645751953,87411.98999023438,82081.99060058594,0.0
31,data/1/32.png,86919.98999023438,86919.98999023438,85844.4296875,83717.32287597656,84213.93933105469,84661.02172851562,84090.3408203125,86262.14465332031,86919.98999023438,80559.99072265625,0.0
32,data/1/33.png,86755.98999023438,86755.98999023438,83409.17352294922,83011.4740600586,83317.46771240234,83662.92095947266,84185.8716430664,85372.57666015625,86755.98999023438,81465.99060058594,0.0
33,data/1/34.png,85859.99011230469,85859.99011230469,84564.46453857422,83559.80236816406,83018.10150146484,83657.3568725586,84684.18475341797,85417.44055175781,85859.99011230469,81619.99060058594,0.0
34,data/1/35.png,85211.99011230469,85211.99011230469,82789.67864990234,81281.8384399414,81211.98223876953,81948.65856933594,83398.2700805664,84416.80493164062,85211.99011230469,82055.99047851562,0.0
35,data/1/36.png,86779.86340332031,85796.70617675781,85214.13311767578,85414.90545654297,85121.1937866211,85574.271484375,86118.80987548828,86318.56970214844,86939.32849121094,80787.99072265625,0.0
36,data/1/37.png,87165.98999023438,82896.28448486328,82761.4482421875,83086.0873413086,83510.90686035156,84037.8154296875,84086.53942871094,84050.32904052734,84485.74853515625,82913.99047851562,0.0
37,data/1/38.png,87083.98999023438,83155.9048461914,83172.97076416016,83524.65252685547,83777.06237792969,84015.833984375,84135.42822265625,84266.3226928711,84698.98345947266,81773.99060058594,0.0
38,data/1/39.png,87165.98999023438,83225.36712646484,82821.10229492188,83108.62133789062,83327.96813964844,83433.50744628906,84024.81756591797,84516.79418945312,85025.44073486328,79724.99084472656,0.0
39,data/1/40.png,86837.98999023438,82746.96905517578,82656.71032714844,83232.55578613281,83481.73248291016,83654.15783691406,83785.2568359375,84171.01141357422,84661.10552978516,81542.99060058594,0.0
40,data/1/41.png,87165.98999023438,86755.767578125,86621.42749023438,86675.82739257812,86761.66467285156,86903.77087402344,86952.79846191406,86952.40368652344,86956.70654296875,82913.99047851562,0.0
41,data/1/42.png,79993.1685180664,78556.79138183594,75965.15307617188,76024.99865722656,75642.99639892578,75880.17852783203,76299.18194580078,76611.89733886719,79361.62921142578,71622.99182128906,0.0
42,data/1/43.png,80174.99084472656,76129.36749267578,74790.81579589844,74581.17639160156,74706.67211914062,74815.78131103516,75302.29406738281,75810.50463867188,77241.21667480469,76967.9912109375,0.0
43,data/1/44.png,79649.99084472656,75041.26025390625,73234.38055419922,73537.63330078125,73746.35809326172,74045.30126953125,74275.16772460938,74726.03540039062,76562.3486328125,76463.9912109375,0.0
44,data/1/45.png,80099.99084472656,75610.1689453125,74274.26849365234,74313.7222290039,74270.7797241211,74480.99395751953,74806.59851074219,75218.533203125,76675.24920654297,77963.99108886719,0.0
45,data/1/46.png,79649.99084472656,75350.72570800781,74593.92395019531,74826.0464477539,74970.02001953125,75346.82830810547,75490.4521484375,75690.5004272461,77029.85931396484,75401.99133300781,0.0
46,data/1/47.png,81091.99072265625,76832.10748291016,75652.07568359375,75253.36444091797,75261.20294189453,75386.10943603516,75802.2798461914,76366.10778808594,78068.0376586914,70421.99194335938,0.0
47,data/1/48.png,79724.99084472656,76562.02270507812,75249.36444091797,75160.72491455078,75569.64306640625,75709.41870117188,76050.58447265625,76436.51458740234,77628.93286132812,77598.99108886719,0.0
48,data/1/49.png,79799.99084472656,75802.35620117188,74754.58325195312,74371.77374267578,74972.14434814453,75515.83020019531,75833.65313720703,76249.00006103516,77551.21759033203,68095.9921875,0.0
49,data/1/50.png,79949.99084472656,77189.69598388672,75280.38665771484,75236.60668945312,76394.2133178711,76659.19805908203,77066.38665771484,77383.70166015625,78573.76196289062,72487.99169921875,0.0
50,data/1/51.png,80863.99072265625,80863.99072265625,78340.0453491211,77671.18542480469,78332.65698242188,78772.80145263672,79055.4375,79250.62866210938,80793.82641601562,70223.99194335938,0.0
51,data/1/52.png,79499.99084472656,79499.99084472656,76338.19567871094,75925.12145996094,76209.13592529297,76405.85168457031,76667.05010986328,76977.79968261719,79318.68762207031,71019.99182128906,0.0
52,data/1/53.png,79724.99084472656,79724.99084472656,77047.24493408203,76045.5980834961,76483.51538085938,76946.11865234375,77630.82336425781,77771.6929321289,79538.12023925781,75472.99133300781,0.0
53,data/1/54.png,79349.99084472656,79349.99084472656,77821.71014404297,77685.1987915039,77891.49768066406,77918.94274902344,77995.095703125,78225.65209960938,79321.35571289062,68769.99206542969,0.0
54,data/1/55.png,86851.27526855469,85464.03692626953,84370.21844482422,84126.6176147461,83885.5776977539,84423.71221923828,84820.2124633789,85625.5492553711,87163.91595458984,76607.9912109375,0.0
55,data/1/56.png,87247.98999023438,83005.70129394531,82416.33489990234,82472.42529296875,82372.88110351562,82992.84338378906,83583.0923461914,84190.08270263672,85220.08264160156,81927.99060058594,0.0
56,data/1/57.png,87247.98999023438,83067.2446899414,82516.49462890625,82664.85009765625,82521.17669677734,82919.95434570312,83596.02374267578,84431.96557617188,85744.23449707031,84055.99035644531,0.0
57,data/1/58.png,88311.98986816406,84697.97058105469,83932.84008789062,83424.00231933594,83368.49981689453,83782.16906738281,84320.6957397461,85254.91241455078,86535.08666992188,76607.9912109375,0.0
58,data/1/59.png,87001.98999023438,82868.19421386719,80007.46466064453,80367.76879882812,81351.01239013672,81940.30181884766,82202.04376220703,82550.74310302734,84277.51190185547,78513.99096679688,0.0
59,data/1/60.png,87657.98999023438,82934.0849609375,82390.08569335938,82647.71905517578,82760.22442626953,83603.5474243164,83982.15649414062,84143.21600341797,84807.22326660156,81122.7900390625,0.0
60,data/1/61.png,87036.06127929688,86794.55859375,83962.47729492188,83809.15069580078,83937.89562988281,84147.26763916016,84546.337890625,84677.34478759766,87200.60827636719,80863.99072265625,0.0
61,data/1/62.png,88062.98986816406,84539.92291259766,82432.80657958984,82525.60986328125,82386.14855957031,82582.88842773438,82778.37609863281,82829.42150878906,85606.26989746094,78513.99096679688,0.0
62,data/1/63.png,88145.98986816406,85051.01141357422,82411.13488769531,82773.36279296875,82821.00579833984,83221.71142578125,83282.10870361328,83504.94738769531,85879.54949951172,77525.99108886719,0.0
63,data/1/64.png,87896.98986816406,84671.0570678711,82337.08599853516,82392.04522705078,82459.85339355469,82445.91772460938,82664.15399169922,82962.56689453125,85418.96099853516,76247.9912109375,0.0
64,data/1/65.png,87165.98999023438,84150.18426513672,82687.09149169922,82925.48010253906,82546.32818603516,82464.98425292969,82853.3413696289,83110.33380126953,84910.12957763672,77598.99108886719,0.0
65,data/1/66.png,87411.98999023438,84964.80493164062,83277.76782226562,83411.85034179688,83038.72283935547,83082.45458984375,83789.46160888672,83748.8115234375,85380.53503417969,85279.990234375,0.0
66,data/1/67.png,88394.98986816406,85863.14813232422,84250.19946289062,83990.11010742188,84266.39147949219,84275.19561767578,84663.4603881836,84644.44287109375,86547.71844482422,78809.99096679688,0.0
67,data/1/68.png,87411.98999023438,84007.2357788086,81823.70849609375,81755.54180908203,81817.78344726562,81663.88189697266,81662.14868164062,81957.69055175781,84201.57806396484,84213.99035644531,0.0
68,data/1/69.png,87247.98999023438,84326.65899658203,82042.87634277344,82666.45458984375,82844.31829833984,82815.32489013672,82694.21325683594,82893.25067138672,84756.22302246094,85119.990234375,0.0
69,data/1/70.png,88394.98986816406,85004.75646972656,82748.587890625,82827.89544677734,82757.51696777344,82922.61120605469,82886.96630859375,82798.39880371094,85591.09326171875,76679.9912109375,0.0
70,data/1/71.png,88228.98986816406,85094.8862915039,83027.75158691406,83019.02600097656,82794.70739746094,82922.4613647461,82956.40338134766,83177.11450195312,85773.84185791016,77598.99108886719,0.0
71,data/1/72.png,87329.98999023438,84657.65063476562,82662.33264160156,82648.4644165039,82464.66900634766,82797.28649902344,83120.84802246094,83204.01208496094,84871.97216796875,85199.990234375,0.0
72,data/1/73.png,87247.98999023438,85950.85290527344,83975.46569824219,84949.78784179688,84147.13354492188,84367.65936279297,85013.5717163086,84244.82543945312,86028.27172851562,85119.990234375,0.0
73,data/1/74.png,88477.98986816406,87645.6439819336,85600.57897949219,85047.65747070312,85115.26672363281,85099.4126586914,85829.80297851562,86367.474609375,87703.89526367188,76751.9912109375,0.0
74,data/1/75.png,88394.98986816406,85264.55096435547,82963.80792236328,82964.51690673828,83061.35424804688,83222.7837524414,83188.4390258789,83194.82403564453,85739.69982910156,79874.99084472656,0.0
75,data/1/76.png,87247.98999023438,85621.8042602539,83551.90600585938,83453.41717529297,83662.64776611328,83370.55224609375,83876.29907226562,84071.04766845703,85392.56591796875,82991.99047851562,0.0
76,data/1/77.png,88643.98986816406,87427.56872558594,84689.89166259766,84662.28790283203,85098.01446533203,84998.31842041016,85163.19134521484,85039.68188476562,87673.93566894531,79031.99096679688,0.0
77,data/1/78.png,88311.98986816406,86914.62805175781,86047.13995361328,86088.29278564453,85915.06414794922,86047.85968017578,86071.60247802734,86342.07727050781,87317.44818115234,80863.99072265625,0.0
78,data/1/79.png,88477.98986816406,87410.69287109375,86643.35607910156,86804.0952758789,86968.88671875,87001.69958496094,86997.50329589844,86984.96704101562,87712.79431152344,79949.99084472656,0.0
79,data/1/80.png,88560.98986816406,88484.45886230469,86507.98626708984,86802.01928710938,87089.21099853516,87118.61975097656,87419.05895996094,87657.93450927734,88295.82373046875,84292.99035644531,0.0
80,data/1/81.png,88726.98986816406,87835.7719116211,85885.93286132812,85533.71057128906,85846.63073730469,86067.04968261719,86815.60766601562,87131.44677734375,88244.4248046875,83381.99047851562,0.0
81,data/1/82.png,88477.98986816406,86109.87432861328,84033.87017822266,84006.7611694336,84047.94055175781,84371.65026855469,84638.54235839844,84739.39440917969,86708.39318847656,77817.99108886719,0.0
82,data/1/83.png,88643.98986816406,87314.38269042969,85354.18237304688,85062.02410888672,84851.0689086914,84690.63513183594,84730.33203125,85365.91748046875,87661.16906738281,80099.99084472656,0.0
83,data/1/84.png,88643.98986816406,85761.51782226562,83258.33190917969,83275.14306640625,83596.82586669922,83669.65399169922,83961.2738647461,84066.60388183594,86243.44635009766,81167.99072265625,0.0
84,data/1/85.png,88477.98986816406,85099.09149169922,82558.6626586914,82706.79235839844,82779.50830078125,82656.97192382812,82629.2529296875,82640.65240478516,85342.61883544922,78883.99096679688,0.0
85,data/1/86.png,88477.98986816406,85330.24322509766,82732.02392578125,82934.43566894531,82873.53332519531,82893.98175048828,83172.04309082031,83264.49810791016,85845.15905761719,79949.99084472656,0.0
86,data/1/87.png,88394.98986816406,85297.73522949219,82731.76348876953,82971.97741699219,82829.95715332031,83080.90020751953,83531.47283935547,83433.57635498047,85818.01361083984,76679.9912109375,0.0
87,data/1/88.png,88560.98986816406,85068.54809570312,82479.7572631836,82625.09893798828,82920.14935302734,82926.4642944336,83011.78991699219,82982.24206542969,85996.99438476562,76823.9912109375,0.0
88,data/1/89.png,78399.9951171875,77585.74017333984,76785.90747070312,76834.0728149414,76789.77368164062,76825.05194091797,76780.06158447266,76797.32971191406,77051.4896850586,76439.99523925781,0.0
89,data/1/90.png,88809.98986816406,86879.81237792969,86438.25268554688,86179.5629272461,86748.19262695312,86282.0433959961,86354.33642578125,88395.58410644531,88449.69592285156,82389.99060058594,0.0
90,data/1/91.png,88477.98986816406,88014.61010742188,86624.60028076172,86338.61541748047,85663.81091308594,84798.8115234375,85700.31219482422,86722.63928222656,87829.3472290039,79949.99084472656,0.0
91,data/1/92.png,88560.98986816406,86644.10510253906,84235.80090332031,84777.21514892578,85212.08465576172,85288.59851074219,85626.07208251953,85912.4779663086,87392.06658935547,83225.99047851562,0.0
92,data/1/93.png,88560.98986816406,87598.43005371094,86077.75103759766,86189.95587158203,86355.17071533203,86413.12243652344,86379.20623779297,86380.17407226562,87703.05792236328,82158.99060058594,0.0
93,data/1/94.png,88477.98986816406,86212.66241455078,84049.42431640625,84573.38940429688,84556.63836669922,84811.53387451172,85215.45068359375,85635.00842285156,87138.53717041016,83147.99047851562,0.0
94,data/1/95.png,88643.98986816406,86336.3984375,83965.75048828125,84428.2680053711,84622.89190673828,84710.48571777344,85025.88549804688,85179.42657470703,87108.07263183594,82235.99060058594,0.0
95,data/1/96.png,79731.20037841797,78782.11529541016,76345.25018310547,76611.01251220703,76367.50811767578,76665.23864746094,76888.52075195312,77353.65924072266,79245.31335449219,74619.99145507812,0.0
96,data/1/97.png,81167.99072265625,77954.56042480469,75704.03546142578,75913.74621582031,76175.46520996094,76468.81567382812,76942.4423828125,77073.59460449219,78836.3949584961,72623.99169921875,0.0
97,data/1/98.png,81395.99072265625,78222.34582519531,76462.09265136719,76772.31671142578,76826.7738647461,76841.55920410156,77301.3480834961,77549.3882446289,79161.99884033203,72827.99169921875,0.0
98,data/1/99.png,81015.99072265625,79157.03649902344,78123.53155517578,77842.45336914062,77794.47625732422,77976.64819335938,78734.62670898438,79197.54321289062,79849.9974975586,74619.99145507812,0.0
99,data/1/100.png,81091.99072265625,79404.02960205078,78513.96496582031,77964.5824584961,77610.3804321289,77436.22216796875,78562.16796875,79337.66870117188,80109.7763671875,71488.99182128906,0.0
100,data/1/101.png,79949.99084472656,77387.31024169922,75832.37170410156,75753.14080810547,75699.1734008789,75528.42950439453,76003.4965209961,76789.11535644531,77944.68377685547,76751.9912109375,0.0
101,data/1/102.png,81319.99072265625,79438.39080810547,78663.12188720703,78484.2348022461,77923.09051513672,77892.10076904297,79069.62963867188,79846.119140625,80328.40234375,69549.99206542969,0.0
102,data/1/103.png,81167.99072265625,78014.19647216797,76355.97619628906,76975.1181640625,77288.99578857422,77510.369140625,77833.27270507812,77860.75036621094,79205.89532470703,70487.99194335938,0.0
103,data/1/104.png,87324.03314208984,85489.93975830078,83385.90698242188,83724.5248413086,82624.0629272461,82738.49688720703,84020.76745605469,83912.43035888672,86279.744140625,82158.99060058594,0.0
104,data/1/105.png,88643.98986816406,83730.9917602539,82874.24621582031,82492.86730957031,82741.06451416016,83324.70050048828,83703.85754394531,84466.44409179688,85379.07299804688,82235.99060058594,0.0
105,data/1/106.png,88560.98986816406,83519.28735351562,83055.71258544922,83451.9331665039,83539.26202392578,83385.76171875,84007.94287109375,84340.98413085938,85370.57537841797,80024.99084472656,0.0
106,data/1/107.png,88560.98986816406,83096.23345947266,82326.46447753906,82225.69329833984,81932.14465332031,82409.30206298828,83300.65991210938,84579.15856933594,85193.0786743164,80024.99084472656,0.0
107,data/1/108.png,88643.98986816406,87603.17614746094,86387.90106201172,86496.26953125,85957.93048095703,86209.55688476562,85856.3062133789,86423.9810180664,87597.72241210938,82235.99060058594,0.0
108,data/1/109.png,88643.98986816406,85439.75701904297,84428.58563232422,84615.62005615234,84793.78790283203,85124.59753417969,85354.97265625,85857.8442993164,86279.53039550781,84371.99035644531,0.0
109,data/1/110.png,80425.85565185547,72431.55261230469,71872.70703125,72127.45910644531,72159.87731933594,72222.10748291016,72410.39892578125,72329.89630126953,73407.30401611328,72575.98742675781,0.0
110,data/1/111.png,80062.63995361328,71180.67028808594,70835.72198486328,70974.24188232422,71801.52197265625,71893.61462402344,72289.30944824219,72274.09375,72247.38012695312,71254.3462524414,0.0
111,data/1/112.png,80250.39221191406,72222.9564819336,71864.94653320312,72115.53680419922,71856.78393554688,72419.88464355469,72737.05352783203,73278.9262084961,73081.22485351562,69278.44689941406,0.0
112,data/1/113.png,80592.66668701172,73407.38214111328,73317.46069335938,72462.90789794922,74533.92694091797,73128.3256225586,74908.57025146484,74092.92541503906,75208.29986572266,73350.23077392578,0.0
113,data/1/114.png,80856.18096923828,77832.25830078125,74817.45935058594,75373.74926757812,73389.84448242188,74280.50500488281,74505.91369628906,77769.26525878906,78701.61328125,73560.58557128906,0.0
114,data/1/115.png,80806.14874267578,76386.33172607422,75648.6654663086,75620.64678955078,75870.60095214844,75303.67486572266,75701.12438964844,76098.20977783203,76772.95343017578,72629.06732177734,0.0
115,data/1/116.png,80984.81103515625,78492.65496826172,75742.64544677734,74351.43200683594,75089.2826538086,73081.8519897461,76058.58776855469,77694.31451416016,78366.53295898438,72502.43432617188,0.0
116,data/1/117.png,80660.27178955078,74844.95513916016,73397.96600341797,72387.58068847656,72590.33801269531,73181.59301757812,72910.79089355469,74825.16198730469,75295.92590332031,72519.18817138672,0.0
117,data/1/118.png,80647.07885742188,73902.51080322266,73076.259765625,73170.17785644531,73749.56903076172,74289.01068115234,75414.00482177734,75491.17645263672,75696.1630859375,73682.87341308594,0.0
118,data/1/119.png,80663.81524658203,73803.34747314453,73352.45184326172,74167.66827392578,74566.76306152344,74636.62127685547,74600.87121582031,74971.64904785156,75136.79180908203,72731.2525024414,0.0
119,data/1/120.png,79656.25939941406,73315.26751708984,76062.87603759766,78541.54034423828,78101.845703125,78337.36419677734,77050.55889892578,78408.18518066406,77319.62591552734,72587.7412109375,0.0
120,data/1/121.png,80786.42120361328,73430.18542480469,70401.3726196289,71509.03826904297,72504.2279663086,73317.17364501953,74714.22052001953,75148.65447998047,75878.25103759766,72632.04223632812,0.0
121,data/1/122.png,80645.8042602539,74739.68542480469,76201.52648925781,76336.26843261719,76693.26763916016,77047.25360107422,76945.99237060547,77236.55017089844,76043.22943115234,69919.24914550781,0.0
122,data/1/123.png,79616.8228149414,71699.47918701172,76052.8896484375,75230.52844238281,76210.67895507812,76172.04022216797,75832.10705566406,76001.92663574219,74927.91436767578,77098.01708984375,0.0
123,data/1/124.png,80283.7192993164,73731.60583496094,73717.36529541016,75021.87322998047,74550.08410644531,75029.49279785156,75665.76080322266,74944.70526123047,75504.5757446289,69154.58679199219,0.0
124,data/1/125.png,79279.5776977539,75233.52917480469,74570.54595947266,73573.60778808594,74646.3901977539,75722.39758300781,75295.39953613281,74231.95196533203,74677.30780029297,75789.025390625,0.0
125,data/1/126.png,80469.19927978516,75252.51275634766,73798.07641601562,74857.47784423828,74888.75946044922,74970.27642822266,75600.3558959961,75702.23541259766,76020.70098876953,69351.68640136719,0.0
126,data/1/127.png,80372.3433227539,72105.90002441406,71072.8955078125,71683.46783447266,72256.53594970703,72623.76593017578,73179.28143310547,74016.66918945312,75997.14471435547,70487.60534667969,0.0
127,data/1/128.png,80677.10510253906,71772.93127441406,70470.53533935547,70893.54595947266,72222.97351074219,73181.07427978516,74623.21942138672,75099.24694824219,77659.87481689453,71622.99182128906,0.0
128,data/1/129.png,81188.55102539062,80221.41162109375,80110.96472167969,80187.12280273438,80103.74182128906,80155.10571289062,80334.26818847656,80327.1435546875,80594.49829101562,73760.99157714844,0.0
129,data/1/130.png,87675.73779296875,86515.19653320312,81446.46795654297,81308.01202392578,81219.73608398438,81236.95263671875,81776.88641357422,82103.09796142578,86892.4560546875,86669.99011230469,0.0
130,data/1/131.png,88809.98986816406,85699.71813964844,80374.60107421875,80544.2925415039,79019.54595947266,80106.90612792969,80543.4189453125,80832.47955322266,85922.01446533203,84529.99035644531,0.0
131,data/1/132.png,88726.98986816406,83468.884765625,79779.92950439453,80445.12060546875,80611.82446289062,80744.791015625,81382.61517333984,81633.1552734375,84770.02624511719,82312.99060058594,0.0
132,data/1/133.png,88809.98986816406,85592.52508544922,81224.59356689453,80895.94854736328,83122.4028930664,82397.1005859375,82999.07745361328,83754.26263427734,86449.55755615234,81319.99072265625,0.0
133,data/1/134.png,88477.98986816406,84686.671875,82797.51770019531,82973.58770751953,82638.82403564453,82780.93426513672,83002.69250488281,83021.7788696289,85413.03106689453,81015.99072265625,0.0
134,data/1/135.png,88809.98986816406,84888.1767578125,81469.56298828125,82050.08630371094,81851.70080566406,81662.75,82734.30108642578,82723.79168701172,85934.45922851562,82389.99060058594,0.0
135,data/1/136.png,88726.98986816406,84572.65393066406,81214.0244140625,83105.3793334961,82164.52508544922,82281.01947021484,82235.79278564453,83325.2886352539,85314.77734375,82312.99060058594,0.0
136,data/1/137.png,88643.98986816406,85007.041015625,80771.40539550781,81562.8705444336,81872.08038330078,82258.22271728516,83032.21185302734,83521.01721191406,86372.94903564453,81167.99072265625,0.0
137,data/1/138.png,88643.98986816406,86210.11932373047,82733.5171508789,83016.59197998047,83202.1284790039,83318.91009521484,84017.35607910156,84437.71643066406,86634.37127685547,80099.99084472656,0.0
138,data/1/139.png,88726.98986816406,87219.29846191406,85383.96856689453,83616.58630371094,84843.63757324219,85009.75720214844,85394.95526123047,85902.404296875,87828.7080078125,80174.99084472656,0.0
139,data/1/140.png,88892.98986816406,87045.32788085938,85262.55535888672,83235.9800415039,83053.37414550781,84413.78210449219,85130.99188232422,86577.64660644531,87696.60858154297,78182.99108886719,0.0
140,data/1/141.png,81091.99072265625,74075.99493408203,73084.47637939453,73551.8775024414,74046.10357666016,74519.76501464844,74903.54614257812,75454.69091796875,77063.71850585938,72555.99169921875,0.0
141,data/1/142.png,81015.99072265625,73978.3109741211,68161.47570800781,68776.25225830078,71509.63891601562,75675.63391113281,75856.69116210938,76010.91589355469,77274.81475830078,73553.99157714844,0.0
142,data/1/143.png,81243.99072265625,75911.26843261719,73929.76428222656,74254.65203857422,74528.48333740234,70500.72204589844,70491.8363647461,74604.98229980469,78232.03796386719,72691.99169921875,0.0
143,data/1/144.png,81243.99072265625,77010.17559814453,76785.38671875,77191.21765136719,77595.91284179688,77797.44464111328,78246.2074584961,78324.81616210938,78841.87908935547,72691.99169921875,0.0
144,data/1/145.png,79813.50604248047,81015.99072265625,77503.3558959961,77399.66510009766,77918.97540283203,78445.12219238281,79188.62768554688,79929.06372070312,81015.99072265625,76751.9912109375,0.0
145,data/1/146.png,81015.99072265625,81015.99072265625,76002.97760009766,75957.67614746094,76426.65405273438,76414.3525390625,76607.9437866211,76949.91778564453,81015.99072265625,75685.99133300781,0.0
146,data/1/147.png,81167.99072265625,81167.99072265625,76174.45294189453,76051.47534179688,76206.92846679688,76391.57043457031,76782.28625488281,77562.82550048828,81167.99072265625,74759.99145507812,0.0
147,data/1/148.png,81167.99072265625,81167.99072265625,75787.17895507812,75834.72747802734,75846.24798583984,75794.67529296875,75887.19073486328,76657.79595947266,81167.99072265625,73691.99157714844,0.0
148,data/1/149.png,81167.99072265625,81167.99072265625,79613.0380859375,73014.57788085938,73016.03314208984,76932.37548828125,79353.57202148438,80097.107421875,81167.99072265625,72623.99169921875,0.0
149,data/1/150.png,81243.99072265625,81243.99072265625,78806.30517578125,78105.08837890625,73296.64953613281,75115.57403564453,76823.29895019531,78040.16864013672,81243.99072265625,72691.99169921875,0.0
150,data/1/151.png,81167.99072265625,81167.99072265625,77677.3276977539,77454.78607177734,75614.4478149414,76784.71258544922,78168.7349243164,78941.18298339844,81167.99072265625,73691.99157714844,0.0
151,data/1/152.png,81015.99072265625,81015.99072265625,78241.83770751953,75499.14739990234,74555.8285522461,76037.4906616211,77550.29016113281,78464.30432128906,81015.99072265625,72487.99169921875,0.0
152,data/1/153.png,80939.99072265625,80939.99072265625,79595.13720703125,75341.3851928711,72403.880859375,75543.80474853516,78111.33184814453,79457.25439453125,80939.99072265625,71354.99182128906,0.0
153,data/1/154.png,81091.99072265625,81091.99072265625,75612.31549072266,75408.6224975586,75468.87963867188,75385.64343261719,75416.12536621094,76056.66412353516,81091.99072265625,72555.99169921875,0.0
154,data/1/155.png,81091.99072265625,81091.99072265625,75667.73913574219,75481.14807128906,75670.8892211914,75863.95483398438,76018.6558227539,76856.82299804688,81091.99072265625,72555.99169921875,0.0
155,data/1/156.png,81015.99072265625,81015.99072265625,78209.80987548828,77250.0244140625,77885.14959716797,78595.7978515625,79004.92126464844,79533.67175292969,81015.99072265625,72487.99169921875,0.0
156,data/1/157.png,81091.99072265625,81091.99072265625,79232.65606689453,78582.65380859375,79314.37512207031,79757.16711425781,80141.30297851562,80446.89367675781,81091.99072265625,71488.99182128906,0.0
157,data/1/158.png,81091.99072265625,81091.99072265625,79154.07080078125,78180.2202758789,79221.51049804688,79648.87292480469,79843.68725585938,80225.66479492188,81091.99072265625,70421.99194335938,0.0
158,data/1/159.png,81091.99072265625,81091.99072265625,79154.07080078125,78180.2202758789,79221.51049804688,79648.87292480469,79843.68725585938,80225.66479492188,81091.99072265625,70421.99194335938,0.0
159,data/1/160.png,81167.99072265625,81167.99072265625,76706.60552978516,76228.39727783203,76202.29168701172,76282.6845703125,77276.93627929688,77980.97912597656,81167.99072265625,70487.99194335938,0.0
160,data/1/161.png,81091.99072265625,81091.99072265625,75971.04864501953,75516.8505859375,75872.12414550781,75710.41943359375,76077.03576660156,76842.54315185547,81091.99072265625,71488.99182128906,0.0
161,data/1/162.png,81091.99072265625,81091.99072265625,77707.98028564453,77048.41748046875,77111.12213134766,77230.48596191406,77360.16973876953,77909.06555175781,81091.99072265625,73622.99157714844,0.0
162,data/1/163.png,86858.62622070312,87541.73498535156,87048.173828125,86810.0244140625,86445.87725830078,86595.86639404297,86819.13146972656,87173.06091308594,87676.30444335938,79949.99084472656,0.0
163,data/1/164.png,88311.98986816406,84381.88928222656,84067.90637207031,84426.35571289062,84488.60675048828,84417.33404541016,84476.57745361328,84634.08221435547,85525.11547851562,77603.27087402344,0.0
164,data/1/165.png,88394.98986816406,84388.07458496094,83987.65057373047,83973.57501220703,83946.09008789062,84138.52838134766,84047.49841308594,84019.36901855469,85204.08581542969,80939.99072265625,0.0
165,data/1/166.png,88560.98986816406,84495.15783691406,83935.21765136719,83863.71551513672,83787.81945800781,84005.66668701172,84170.57836914062,84143.05212402344,85155.60479736328,82158.99060058594,0.0
166,data/1/167.png,88560.98986816406,85516.51025390625,84616.81707763672,84531.99938964844,85614.77020263672,85547.59912109375,85320.8724975586,85390.39587402344,86419.32220458984,80024.99084472656,0.0
167,data/1/168.png,88560.98986816406,85861.70098876953,85417.01293945312,80762.00366210938,73111.57391357422,71078.46160888672,77244.22534179688,85573.14660644531,86257.18658447266,78957.99096679688,0.0
168,data/1/169.png,88643.98986816406,85735.04467773438,83848.52978515625,84647.41021728516,83724.892578125,84339.77197265625,83816.20715332031,84682.16638183594,86104.32653808594,83303.99047851562,0.0
169,data/1/170.png,88477.98986816406,85310.03741455078,84789.0048828125,84892.88500976562,85369.43383789062,85569.97369384766,85704.62286376953,85788.31433105469,86412.05389404297,79949.99084472656,0.0
170,data/1/171.png,88560.98986816406,85967.7367553711,85258.88171386719,85163.10382080078,85414.0474243164,85473.17016601562,85148.82427978516,85663.4349975586,86544.11145019531,80024.99084472656,0.0
171,data/1/172.png,88726.98986816406,85555.81750488281,84653.57501220703,84833.90734863281,85087.59069824219,85201.40197753906,85400.58435058594,85366.6167602539,86191.68255615234,81243.99072265625,0.0
172,data/1/173.png,88892.98986816406,85629.79815673828,85692.64819335938,85250.80596923828,85426.86529541016,85352.86730957031,85789.74536132812,86116.22473144531,86464.51348876953,81395.99072265625,0.0
173,data/1/174.png,88643.98986816406,84758.41693115234,84087.2094116211,84023.19519042969,84188.6328125,84471.30725097656,84559.38037109375,84638.83276367188,85654.59442138672,80099.99084472656,0.0
174,data/1/175.png,88394.98986816406,84151.57891845703,83603.86102294922,83712.84826660156,83919.72033691406,84044.38568115234,84163.56707763672,84136.83483886719,84952.68505859375,77744.99108886719,0.0
175,data/1/176.png,88228.98986816406,81837.44256591797,81763.7041015625,82383.78918457031,80504.64849853516,80730.16369628906,83229.48809814453,81178.51208496094,82151.22576904297,77598.99108886719,0.0
176,data/1/177.png,88228.98986816406,81916.91143798828,74485.70434570312,74609.03527832031,82473.22607421875,84148.69799804688,84659.88409423828,84348.9310913086,85485.29760742188,77598.99108886719,0.0
177,data/1/178.png,88311.98986816406,84278.4154663086,83837.90905761719,83932.96893310547,84187.23370361328,84359.23571777344,84450.5062866211,84391.03283691406,85349.9390258789,78735.99096679688,0.0
178,data/1/179.png,88394.98986816406,85929.40887451172,85413.22033691406,85764.3002319336,85974.70684814453,86200.7939453125,86303.01196289062,86520.48303222656,86677.85864257812,79870.50793457031,0.0
179,data/1/180.png,88560.98986816406,85078.92309570312,84291.86157226562,83812.55389404297,83421.42883300781,84341.85089111328,85373.21472167969,86450.56732177734,87123.72564697266,81091.99072265625,0.0
180,data/1/181.png,88477.98986816406,86073.58630371094,85812.19744873047,85575.5855102539,85169.14367675781,85417.51690673828,86187.57684326172,86574.99975585938,86653.10144042969,82081.99060058594,0.0
181,data/1/182.png,88560.98986816406,86231.75830078125,85896.32159423828,85604.57843017578,86107.45343017578,86200.91516113281,86379.99987792969,86895.26171875,87103.73522949219,82158.99060058594,0.0
182,data/1/183.png,88809.98986816406,85591.31079101562,83906.5922241211,84026.95104980469,84039.08233642578,84272.9243774414,84706.24896240234,85091.3984375,85980.63464355469,86435.51721191406,0.0
183,data/1/184.png,88726.98986816406,86242.83142089844,85541.60638427734,85435.16479492188,85503.07318115234,86138.36981201172,86443.09753417969,86697.49658203125,87223.3759765625,84450.99035644531,0.0
184,data/1/185.png,87381.06213378906,86527.1597290039,85912.59106445312,85740.75372314453,85399.53063964844,85656.02801513672,85952.19744873047,86105.27459716797,86933.03662109375,80249.99084472656,0.0
185,data/1/186.png,88643.98986816406,84291.91314697266,83707.77038574219,83924.8775024414,83913.92181396484,84303.53887939453,84274.46209716797,84185.07177734375,85233.76110839844,79031.99096679688,0.0
186,data/1/187.png,88643.98986816406,84872.35461425781,83978.00946044922,84014.26104736328,84063.6050415039,84272.99182128906,84294.2875366211,84301.50720214844,85500.25549316406,76895.9912109375,0.0
187,data/1/188.png,88809.98986816406,83390.26733398438,76368.6519165039,83911.65087890625,84558.96795654297,84154.39819335938,84761.19812011719,76086.61431884766,80150.9476928711,77039.9912109375,0.0
188,data/1/189.png,88726.98986816406,84696.72296142578,84184.92126464844,84247.48767089844,84478.5444946289,84621.0160522461,84502.56427001953,84715.37280273438,85365.25146484375,79105.99096679688,0.0
189,data/1/190.png,88643.98986816406,84575.33514404297,83876.50524902344,84088.75958251953,84534.09576416016,84428.39111328125,84657.12231445312,84885.76867675781,85495.30786132812,79031.99096679688,0.0
190,data/1/191.png,88643.98986816406,85662.53857421875,84563.3726196289,84919.01904296875,85132.71490478516,85393.55841064453,85622.67919921875,85759.73736572266,86586.82745361328,77963.99108886719,0.0
191,data/1/192.png,88477.98986816406,85811.79736328125,84909.91290283203,85527.49981689453,85153.74981689453,85334.27020263672,85279.99322509766,84788.41589355469,86656.4086303711,77817.99108886719,0.0
192,data/1/193.png,88477.98986816406,84488.22387695312,83721.25018310547,83840.21496582031,84201.86810302734,84517.15808105469,84442.1509399414,84446.66571044922,85337.73974609375,79949.99084472656,0.0
193,data/1/194.png,88560.98986816406,85755.39129638672,85024.279296875,83884.6098022461,83146.61181640625,85664.0639038086,85317.05895996094,83694.10626220703,85214.26257324219,80024.99084472656,0.0
194,data/1/195.png,88477.98986816406,85738.41125488281,73836.24993896484,65423.50811767578,64088.054138183594,70404.6205444336,65465.12756347656,69914.71179199219,86411.5083618164,78883.99096679688,0.0
195,data/1/196.png,88477.98986816406,86124.18463134766,85337.84765625,75504.45007324219,70348.81982421875,70965.48229980469,75544.91131591797,85963.58172607422,86613.13348388672,78883.99096679688,0.0
196,data/1/197.png,88643.98986816406,79250.88897705078,73569.6948852539,76175.2158203125,73192.56451416016,73771.70874023438,75843.52868652344,74043.66381835938,78396.91802978516,81167.99072265625,0.0
197,data/1/198.png,88560.98986816406,84660.82531738281,84277.13256835938,84615.01586914062,84455.90948486328,84538.3935546875,84771.18658447266,84659.28515625,85481.17852783203,81091.99072265625,0.0
198,data/1/199.png,88643.98986816406,85397.07507324219,84096.35638427734,84780.57214355469,84889.89587402344,85046.51373291016,85288.17791748047,85736.45806884766,86664.84185791016,79031.99096679688,0.0
199,data/1/200.png,88726.98986816406,85248.49884033203,84781.26391601562,84550.875,85852.23913574219,86174.7359008789,86078.80377197266,86487.54858398438,87270.470703125,76967.9912109375,0.0
200,data/1/201.png,87042.7935180664,88560.98986816406,86069.0630493164,85954.85168457031,86619.06701660156,87329.87329101562,87791.78112792969,88177.84033203125,88560.98986816406,81091.99072265625,0.0
201,data/1/202.png,88726.98986816406,88726.98986816406,88218.236328125,87779.75866699219,88012.67321777344,88041.62890625,88069.69116210938,88428.85144042969,88726.98986816406,81243.99072265625,0.0
202,data/1/203.png,88643.98986816406,88643.98986816406,83850.30456542969,83574.69366455078,84116.46215820312,84223.02453613281,84542.58435058594,85398.52850341797,88643.98986816406,82235.99060058594,0.0
203,data/1/204.png,88477.98986816406,88477.98986816406,85865.6821899414,85003.64678955078,85004.37231445312,85099.5853881836,85814.43286132812,86974.49993896484,88477.98986816406,79949.99084472656,0.0
204,data/1/205.png,88477.98986816406,88477.98986816406,85904.07427978516,84946.75280761719,84833.62573242188,84840.53411865234,85802.43115234375,86899.0111694336,88477.98986816406,77817.99108886719,0.0
205,data/1/206.png,88394.98986816406,88394.98986816406,85859.66577148438,85338.56439208984,84996.60760498047,84950.15814208984,86245.02233886719,86898.34661865234,88394.98986816406,78809.99096679688,0.0
206,data/1/207.png,88477.98986816406,88477.98986816406,85225.45202636719,85093.35125732422,85392.55456542969,85912.51452636719,86265.36297607422,86779.30224609375,88477.98986816406,78883.99096679688,0.0
207,data/1/208.png,88311.98986816406,88311.98986816406,86723.29406738281,86689.66760253906,86399.3032836914,86703.78063964844,87601.03930664062,87610.61181640625,88311.98986816406,78735.99096679688,0.0
208,data/1/209.png,88311.98986816406,88311.98986816406,87134.2158203125,87326.37390136719,87684.78466796875,87731.78833007812,87753.42138671875,87852.27600097656,88311.98986816406,80863.99072265625,0.0
209,data/2/1.png,84183.67657470703,77366.05145263672,77432.56256103516,77709.02545166016,78753.02795410156,78256.83917236328,77610.0796508789,77642.35565185547,77579.8042602539,77730.48809814453,1.0
210,data/2/2.png,85330.2783203125,78559.27819824219,79266.80285644531,79183.39880371094,80757.76318359375,79058.20709228516,78286.47760009766,78036.94946289062,78181.30389404297,81207.43817138672,1.0
211,data/2/3.png,84038.11627197266,77708.21557617188,77985.05841064453,78022.45440673828,78861.38189697266,79989.36694335938,73580.07080078125,76476.89129638672,75744.46356201172,80478.20373535156,1.0
212,data/2/4.png,84798.66906738281,81096.08197021484,79855.93084716797,81086.99774169922,82183.38842773438,80103.96368408203,77817.6044921875,77752.31646728516,78592.72247314453,79005.74523925781,1.0
213,data/2/5.png,82759.6128540039,76474.65411376953,76007.72943115234,76634.20861816406,77767.5805053711,77884.71362304688,77638.94274902344,77868.65783691406,78648.95989990234,81672.0830078125,1.0
214,data/2/6.png,83492.18542480469,78007.99182128906,78179.29107666016,78006.82122802734,79657.28515625,77418.46905517578,77481.08709716797,77719.77966308594,77934.677734375,77633.46350097656,1.0
215,data/2/7.png,85646.60858154297,77886.64196777344,78576.4653930664,78805.90222167969,80117.40270996094,81251.79211425781,81156.82623291016,81094.47247314453,81104.25115966797,77532.32147216797,1.0
216,data/2/8.png,86673.97918701172,78813.27124023438,79477.1416015625,79684.75109863281,81268.87176513672,81938.841796875,82063.49188232422,82014.41833496094,82151.99157714844,75686.9243774414,1.0
217,data/2/9.png,84719.55419921875,80358.50970458984,79995.7953491211,80334.19165039062,81499.22399902344,79124.31915283203,78936.86334228516,79179.27862548828,79430.650390625,79961.03399658203,1.0
218,data/2/10.png,83484.34747314453,77263.24188232422,77530.16900634766,77776.017578125,78787.9321899414,77833.8423461914,77976.4497680664,78007.65270996094,77920.96301269531,77268.40100097656,1.0
219,data/2/11.png,65865.18646240234,60711.27294921875,60771.931213378906,61326.70635986328,61842.383544921875,61379.64953613281,60935.53747558594,60885.646911621094,61386.064880371094,59446.81329345703,1.0
220,data/2/12.png,78584.07189941406,70840.14489746094,71219.53436279297,71582.05645751953,73307.1156616211,74104.94799804688,72383.85272216797,73043.7933959961,73711.13543701172,72244.02331542969,1.0
221,data/2/13.png,74776.2261352539,72762.85375976562,72020.57739257812,72753.49774169922,73546.86279296875,71539.55865478516,71080.60717773438,71372.01727294922,72148.2006225586,66419.76220703125,1.0
222,data/2/14.png,78542.91394042969,73034.56341552734,72939.27349853516,72728.96502685547,73032.06158447266,74446.78790283203,73328.87823486328,73735.56945800781,73970.86779785156,68239.85357666016,1.0
223,data/2/15.png,77628.65350341797,72039.86614990234,71933.6830444336,72449.92010498047,72698.029296875,74690.7357788086,73362.9349975586,73607.35559082031,74024.05456542969,68658.68682861328,1.0
224,data/2/16.png,77872.70428466797,72992.6117553711,73175.24938964844,73542.11627197266,73997.89025878906,73100.37310791016,71682.0249633789,71642.6411743164,71919.8275756836,64556.42053222656,1.0
225,data/2/17.png,78266.08294677734,72160.92797851562,72115.68524169922,72159.76257324219,72342.04620361328,74355.8755493164,73190.2622680664,73329.22985839844,73775.86419677734,72794.86999511719,1.0
226,data/2/18.png,78057.06640625,74114.56842041016,73864.54113769531,73917.79174804688,74648.14904785156,73940.91064453125,72728.44012451172,73264.45983886719,73621.19738769531,68543.38195800781,1.0
227,data/2/19.png,77557.33660888672,71814.86798095703,71973.25579833984,72100.64935302734,72160.4330444336,73004.53857421875,71915.09851074219,71999.15502929688,72053.1625366211,67885.49285888672,1.0
228,data/2/20.png,78630.51641845703,73348.91278076172,73087.37414550781,73867.3081665039,74278.82775878906,74999.1947631836,73330.48516845703,73509.60272216797,73944.41339111328,67044.17517089844,1.0
229,data/2/21.png,77756.06481933594,74003.54193115234,73885.14990234375,74458.12915039062,75691.35070800781,75249.64031982422,73765.1948852539,73961.01184082031,75442.17114257812,66185.85986328125,1.0
230,data/2/22.png,84984.11865234375,81046.37854003906,80050.79345703125,79686.31158447266,81487.72045898438,80318.34539794922,79175.01477050781,79901.2611694336,81537.51934814453,81950.94079589844,1.0
231,data/2/23.png,85869.65270996094,76992.85375976562,77292.7251586914,77449.37615966797,80559.19494628906,78875.40747070312,77446.96447753906,77564.22454833984,77704.57293701172,77486.626953125,1.0
232,data/2/24.png,84754.26049804688,77598.76806640625,77931.01110839844,78194.51885986328,80798.3900756836,80217.43237304688,78273.16638183594,78922.2080078125,79448.24328613281,79664.7269897461,1.0
233,data/2/25.png,86070.74926757812,79962.90704345703,78498.8316040039,79018.48211669922,80672.3681640625,79811.33081054688,79111.45599365234,79961.36724853516,81805.19525146484,82930.79260253906,1.0
234,data/2/26.png,85335.15985107422,78833.28662109375,78581.77239990234,79213.37884521484,81718.51934814453,79688.41583251953,78405.96905517578,78661.64971923828,79071.49139404297,78689.36608886719,1.0
235,data/2/27.png,84422.80041503906,77298.95123291016,77908.75958251953,78238.77166748047,80515.68176269531,82054.28045654297,79265.21954345703,79968.7191772461,80347.39129638672,82113.64489746094,1.0
236,data/2/28.png,85242.63537597656,79349.41650390625,79006.0513305664,78939.05615234375,81603.74639892578,80819.59210205078,79292.06335449219,79382.0864868164,80123.33947753906,77826.79919433594,1.0
237,data/2/29.png,84140.3408203125,78112.0473022461,78779.1635131836,79320.5728149414,82042.97650146484,78647.99029541016,78413.82098388672,78531.201171875,79669.48895263672,75525.75012207031,1.0
238,data/2/30.png,84585.35028076172,81054.78588867188,80327.38153076172,80351.6279296875,82420.83081054688,81225.29443359375,79316.3949584961,79521.64874267578,80922.16052246094,83812.04431152344,1.0
239,data/2/31.png,84964.69549560547,77940.21447753906,80103.7212524414,79754.55517578125,82638.72827148438,81892.3861694336,80780.85021972656,79152.68981933594,79338.5571899414,77580.86224365234,1.0
240,data/2/32.png,84951.44134521484,78639.59112548828,79128.38250732422,79372.04193115234,81250.33276367188,80395.96508789062,79202.49029541016,79523.8265991211,79511.6708984375,79202.8872680664,1.0
241,data/2/33.png,85567.27911376953,81419.0902709961,81090.01080322266,81672.08728027344,83775.1742553711,83979.36791992188,82218.37170410156,82944.61145019531,84171.10144042969,76599.57141113281,1.0
242,data/2/34.png,85357.61059570312,81077.77233886719,80773.86328125,81358.50512695312,83179.35162353516,79590.73474121094,78316.72314453125,78636.01403808594,79109.21002197266,79073.68200683594,1.0
243,data/2/35.png,85071.12322998047,78554.02459716797,78973.18145751953,79261.27728271484,81204.646484375,80614.85302734375,79764.50134277344,79786.45446777344,80153.49365234375,81423.57720947266,1.0
244,data/2/36.png,84917.3662109375,80158.7142944336,80072.11291503906,78811.57983398438,81703.59680175781,80538.72088623047,82205.11206054688,81269.71746826172,80472.5537109375,75831.35095214844,1.0
245,data/2/37.png,86233.78326416016,80893.70025634766,73174.73944091797,72946.02069091797,83803.13659667969,84781.25524902344,75264.20184326172,71667.03106689453,81552.64086914062,81241.19445800781,1.0
246,data/2/38.png,85409.65673828125,78798.78704833984,80301.77856445312,81745.46228027344,83219.40637207031,76798.82458496094,74704.98931884766,78715.01397705078,79600.41131591797,78304.56042480469,1.0
247,data/2/39.png,86450.03875732422,79887.56018066406,80851.52905273438,81209.87890625,83020.71099853516,81823.76263427734,80152.80578613281,81211.37530517578,81491.46594238281,75792.31408691406,1.0
248,data/2/40.png,85537.29998779297,81686.32641601562,82156.05078125,82602.81732177734,82606.65673828125,80466.1734008789,80711.47375488281,81334.53424072266,81772.31689453125,78867.20812988281,1.0
249,data/2/41.png,86207.09912109375,80778.66333007812,80585.4375,80881.2080078125,83065.19268798828,81546.40313720703,80010.89227294922,80669.09741210938,80923.6704711914,77678.3032836914,1.0
250,data/2/42.png,85727.16076660156,80620.00604248047,79943.70178222656,81095.8023071289,82166.34161376953,82597.02215576172,81568.00311279297,81547.31311035156,82704.65808105469,79934.4526977539,1.0
251,data/2/43.png,85063.11981201172,78870.24060058594,79036.1674194336,79198.72778320312,81280.5640258789,80499.17083740234,79698.90417480469,79766.33612060547,80109.79467773438,79356.39099121094,1.0
252,data/2/44.png,84441.83605957031,80358.44067382812,79997.03033447266,81030.68041992188,81823.01892089844,81460.71551513672,81117.64953613281,80079.76513671875,80774.52026367188,82097.4165649414,1.0
253,data/2/45.png,85973.79516601562,79340.23651123047,79412.80401611328,79936.46569824219,81894.0591430664,82668.5,82355.26544189453,84036.58715820312,85020.79138183594,80572.19934082031,1.0
254,data/2/46.png,84944.33502197266,78847.19519042969,78998.32556152344,79672.39849853516,81431.10675048828,81329.13891601562,80410.58203125,80755.6039428711,80802.81634521484,77585.07592773438,1.0
255,data/2/47.png,85732.19903564453,80838.3052368164,81419.30194091797,81031.60217285156,82882.4828491211,83653.85827636719,82156.3335571289,83016.86004638672,82897.6997680664,81330.15008544922,1.0
256,data/2/48.png,86202.59295654297,79752.82165527344,79482.62707519531,80165.4985961914,82196.35772705078,80933.35534667969,80239.18914794922,80152.51916503906,80392.33129882812,77427.59259033203,1.0
257,data/2/49.png,85753.48718261719,80021.98040771484,80022.53723144531,81164.51733398438,82362.93774414062,81782.62133789062,79706.26306152344,77452.33557128906,81487.34747314453,76582.42901611328,1.0
258,data/2/50.png,85298.95025634766,78545.869140625,78813.46838378906,79146.41833496094,81042.03686523438,80890.62805175781,79464.00494384766,81011.76861572266,81278.02160644531,81861.76293945312,1.0
259,data/2/51.png,84952.60223388672,77258.43621826172,78519.24432373047,79563.09289550781,80997.06518554688,84475.42352294922,83671.1537475586,83814.18872070312,84166.08410644531,82229.01293945312,1.0
260,data/2/52.png,85031.71643066406,80265.47534179688,78789.6669921875,79131.6748046875,81725.802734375,79955.64361572266,78106.58557128906,78528.85803222656,79086.19635009766,82463.3306274414,1.0
261,data/2/53.png,85200.9027709961,77597.54608154297,77366.0189819336,77599.20068359375,80502.85711669922,79223.46990966797,77674.01190185547,78032.74639892578,78310.4320678711,79543.1904296875,1.0
262,data/2/54.png,84727.06518554688,76364.33111572266,77285.54559326172,77005.92108154297,81837.50170898438,80829.32354736328,79365.74389648438,80146.513671875,80705.45825195312,83036.32141113281,1.0
263,data/2/55.png,85332.71649169922,79160.44903564453,79497.24389648438,80115.69897460938,81995.3140258789,82449.451171875,81617.6176147461,82168.4281616211,82676.59997558594,81146.19030761719,1.0
264,data/2/56.png,84453.13427734375,77741.25598144531,77884.17669677734,78542.86206054688,81086.212890625,80344.04699707031,78500.92211914062,79446.4677734375,79155.9935913086,79768.46160888672,1.0
265,data/2/57.png,84624.8842163086,78034.37133789062,77866.36181640625,79606.63525390625,79768.32250976562,79166.15985107422,79633.86798095703,78082.02941894531,79186.89752197266,74247.4800415039,1.0
266,data/2/58.png,85014.00506591797,78396.38537597656,78241.60900878906,78783.8218383789,80943.19982910156,79374.26403808594,78301.83868408203,79724.58532714844,79975.64038085938,82679.55401611328,1.0
267,data/2/59.png,84349.92218017578,77890.37060546875,78787.57348632812,79417.32177734375,81674.38067626953,78951.09490966797,78868.3334350586,79517.74084472656,79868.68579101562,79706.98028564453,1.0
268,data/2/60.png,86708.61260986328,81791.04498291016,81555.70690917969,81313.37927246094,84222.19610595703,80414.2427368164,81458.94311523438,81604.00177001953,82983.79718017578,78809.99096679688,1.0
269,data/2/61.png,85231.55444335938,80661.95324707031,80588.73156738281,80666.71649169922,81688.82788085938,84552.90905761719,84003.9556274414,83429.76544189453,83638.25067138672,81401.97052001953,1.0
270,data/2/62.png,86620.24597167969,80967.66809082031,81033.62902832031,81395.96752929688,82477.99645996094,84744.4047241211,82714.15069580078,83669.39501953125,84356.98260498047,80428.74743652344,1.0
271,data/2/63.png,86538.79022216797,81122.29852294922,81259.89813232422,81328.70513916016,82550.4619140625,83256.60662841797,82997.21362304688,83683.54357910156,84443.91027832031,78023.96313476562,1.0
272,data/2/64.png,86952.55773925781,83061.1244506836,83138.32678222656,83949.9721069336,85240.75982666016,82560.43157958984,82208.83685302734,82774.67468261719,83169.87719726562,75826.60705566406,1.0
273,data/2/65.png,86893.01153564453,82368.87518310547,82008.34423828125,83373.02478027344,84170.7974243164,82835.20281982422,82948.68048095703,83601.78601074219,84155.83074951172,75906.42852783203,1.0
274,data/2/66.png,86389.63720703125,81766.35241699219,82583.53991699219,82702.21374511719,83651.9262084961,82971.1342163086,82837.35693359375,82821.64013671875,82685.09466552734,76805.72094726562,1.0
275,data/2/67.png,86405.88250732422,82225.01794433594,83223.89868164062,83789.8779296875,84687.81658935547,82232.92218017578,81989.13061523438,82032.5092163086,82338.58770751953,76463.66778564453,1.0
276,data/2/68.png,86970.81317138672,83823.69549560547,82213.00018310547,82470.6283569336,84698.94348144531,82089.44549560547,81653.09454345703,81893.19647216797,82577.80017089844,76397.7984008789,1.0
277,data/2/69.png,87302.81311035156,84155.6953125,82545.00018310547,82802.6283569336,85030.94299316406,82421.44549560547,81985.09454345703,82225.19647216797,82909.80017089844,76689.7984008789,1.0
278,data/2/70.png,87388.76251220703,84388.8648071289,83635.05926513672,84202.45092773438,85519.58178710938,83903.54876708984,83242.09741210938,83384.35095214844,84735.51293945312,79057.64123535156,1.0
279,data/2/71.png,86437.03729248047,80948.68713378906,81125.16302490234,81592.35180664062,82860.42858886719,81972.0859375,81115.85614013672,81342.23565673828,81657.30639648438,76245.07873535156,1.0
280,data/2/72.png,86242.77575683594,80658.20318603516,80819.6650390625,81201.53698730469,82063.89617919922,81803.78100585938,81623.12451171875,82396.02502441406,82574.09228515625,76448.66827392578,1.0
281,data/2/73.png,87451.78302001953,82109.07995605469,81911.68786621094,81409.75048828125,83785.296875,81965.41833496094,81425.98822021484,82161.72186279297,83374.61297607422,77816.30535888672,1.0
282,data/2/74.png,87525.12829589844,81509.67364501953,81109.46099853516,81582.48406982422,82617.77166748047,82611.97229003906,80665.84643554688,82291.6005859375,82447.66003417969,78734.4458618164,1.0
283,data/2/75.png,86435.1953125,80622.42938232422,81075.42456054688,81233.9662475586,82343.41400146484,81326.63592529297,81197.669921875,81382.24444580078,81461.55340576172,78321.07708740234,1.0
284,data/2/76.png,85318.7681274414,80851.15594482422,81123.03247070312,81389.33807373047,82055.78057861328,80078.55444335938,79655.90075683594,79907.48272705078,79903.0771484375,82910.93383789062,1.0
285,data/2/77.png,84938.09759521484,79751.30792236328,79888.77276611328,80031.33660888672,81047.2230834961,80373.37615966797,79873.07849121094,80277.35388183594,80563.89276123047,80012.36853027344,1.0
286,data/2/78.png,85011.76727294922,79434.15844726562,79495.69067382812,79905.6937866211,80697.70385742188,80482.5043334961,79829.55572509766,80183.57141113281,80548.48889160156,80988.49475097656,1.0
287,data/2/79.png,85340.97564697266,79978.02783203125,80097.2280883789,80398.50018310547,81587.52270507812,80616.98046875,80123.98602294922,80310.26739501953,80717.32159423828,82190.291015625,1.0
288,data/2/80.png,85995.88854980469,82642.1187133789,82611.3842163086,83091.720703125,83881.03314208984,84158.77001953125,83200.41668701172,82504.93914794922,84236.60375976562,83219.8617553711,1.0
289,data/2/81.png,87497.28271484375,84494.41149902344,84267.50714111328,84872.43115234375,86179.63208007812,81816.58825683594,82198.16589355469,82699.39276123047,82784.474609375,77553.67272949219,1.0
290,data/2/82.png,87710.11206054688,84614.60089111328,84318.6470336914,84912.31469726562,86170.58935546875,82120.13757324219,82230.71704101562,82846.8931274414,82836.05767822266,80622.48876953125,1.0
291,data/2/83.png,86903.01696777344,81378.73095703125,81506.53161621094,82174.98620605469,82530.5814819336,85675.19500732422,84625.22198486328,84912.78125,86180.20471191406,80604.53564453125,1.0
292,data/2/84.png,88020.38342285156,86040.55108642578,85517.6439819336,85608.78942871094,87022.59423828125,82863.83605957031,81152.0532836914,81971.42370605469,82559.93682861328,78051.42022705078,1.0
293,data/2/85.png,88009.77752685547,80449.54583740234,81239.88818359375,81902.3959350586,82972.23760986328,82447.22290039062,80852.9966430664,81491.27954101562,82236.72369384766,77929.318359375,1.0
294,data/2/86.png,87853.52337646484,80476.48083496094,80784.89331054688,81302.08612060547,82714.78643798828,84065.2515258789,82785.99603271484,83480.03735351562,84083.6693725586,78139.65753173828,1.0
295,data/2/87.png,85769.8325805664,78361.21905517578,78228.9105834961,78266.6123046875,79237.7485961914,79580.72058105469,79629.2230834961,79627.16870117188,79801.42272949219,83220.91357421875,1.0
296,data/2/88.png,86872.08239746094,79294.01696777344,79293.70709228516,79637.2240600586,80836.02661132812,81408.15350341797,80239.28393554688,80849.7661743164,80902.93298339844,80469.94793701172,1.0
297,data/2/89.png,87516.48156738281,80698.96075439453,80562.78326416016,81481.56927490234,82879.70538330078,81397.82482910156,80256.35870361328,80895.5234375,81648.359375,79525.80383300781,1.0
298,data/2/90.png,87288.3701171875,81151.66430664062,81809.81066894531,81911.87628173828,83100.15576171875,82950.45281982422,81840.6767578125,82731.09887695312,83178.7651977539,80577.95202636719,1.0
299,data/2/91.png,87121.98669433594,80880.08135986328,79325.05438232422,80989.63134765625,82156.33221435547,80955.79620361328,79513.93493652344,80307.32330322266,80335.25750732422,80122.92449951172,1.0
300,data/2/92.png,87379.37829589844,83051.8349609375,82895.20819091797,83135.45104980469,84490.30798339844,81492.59252929688,81011.70013427734,81103.62078857422,81430.59063720703,77258.60131835938,1.0
301,data/2/93.png,88118.43188476562,85104.6040649414,85009.18878173828,84949.7377319336,86109.88409423828,82232.53271484375,81111.07452392578,81307.7529296875,82248.88134765625,77304.49194335938,1.0
302,data/2/94.png,85590.24603271484,79175.97778320312,79115.96697998047,79424.05053710938,80220.06323242188,80337.43389892578,80479.56549072266,80650.65100097656,80807.42126464844,76971.09985351562,1.0
303,data/2/95.png,85615.58203125,78955.74139404297,79090.52270507812,79484.58349609375,80367.62286376953,79814.29412841797,79375.22546386719,79903.79473876953,80533.60369873047,82804.40454101562,1.0
304,data/2/96.png,86218.6010131836,81283.52325439453,81334.58123779297,81633.35809326172,83004.31787109375,80824.29541015625,80152.84539794922,81112.52905273438,81410.94714355469,82739.91979980469,1.0
305,data/2/97.png,86136.17626953125,81210.81610107422,81020.04431152344,81815.49890136719,82276.15661621094,81598.50164794922,80784.87481689453,80925.65625,81925.66491699219,83002.4107055664,1.0
306,data/2/98.png,85922.38720703125,81124.83325195312,80915.09783935547,81868.80059814453,83118.35650634766,81494.38946533203,80658.94812011719,80856.44567871094,81966.96978759766,82898.07684326172,1.0
307,data/2/99.png,86526.15087890625,82713.2123413086,82036.1791381836,82935.38299560547,83764.65844726562,82454.62036132812,81876.6226196289,82288.64471435547,82991.44024658203,84365.73583984375,1.0
308,data/2/100.png,85927.15490722656,80251.1040649414,80205.08056640625,80732.22106933594,81463.79681396484,82428.2778930664,81484.1206665039,81251.82971191406,82586.62329101562,79740.24481201172,1.0
309,data/2/101.png,85886.4453125,81695.86657714844,80955.13879394531,81934.71875,83488.5269165039,80977.94146728516,80482.39392089844,80628.89337158203,81342.99810791016,76397.30529785156,1.0
310,data/2/102.png,85981.8959350586,81807.75067138672,81652.26141357422,81829.44128417969,83370.64074707031,82364.77740478516,80514.14392089844,80673.9741821289,81878.8916015625,80875.93463134766,1.0
311,data/2/103.png,86269.16247558594,81445.259765625,81369.44720458984,81875.30731201172,83759.24932861328,81674.91198730469,80194.6939086914,80929.11212158203,81849.04766845703,79476.25708007812,1.0
312,data/2/104.png,87424.18493652344,80391.47412109375,79905.98278808594,80312.22229003906,82730.61193847656,82888.12335205078,81099.42529296875,81486.96765136719,81822.08660888672,80432.17864990234,1.0
313,data/2/105.png,87081.42639160156,81112.77532958984,81199.38018798828,81545.65240478516,83524.12292480469,81556.77746582031,80461.20147705078,80372.30548095703,80700.93103027344,79186.58709716797,1.0
314,data/2/106.png,87703.14428710938,83104.39080810547,83100.66900634766,83737.00067138672,85595.50799560547,83959.78771972656,83045.62725830078,84436.56756591797,85855.78344726562,77627.25128173828,1.0
315,data/2/107.png,87816.05102539062,82644.7958984375,82906.96661376953,83745.36047363281,86277.57598876953,85025.3589477539,83577.90173339844,83842.04620361328,85166.43646240234,76487.22943115234,1.0
316,data/2/108.png,87576.9642944336,83296.67449951172,82956.27178955078,84566.88488769531,86087.27667236328,81120.13604736328,80201.37463378906,80317.0474243164,80664.29284667969,76021.6928100586,1.0
317,data/2/109.png,87467.11407470703,81929.97943115234,81816.43603515625,82245.19989013672,83890.3334350586,83102.77459716797,82699.12414550781,83751.28350830078,84773.23358154297,77338.93408203125,1.0
318,data/2/110.png,87633.11401367188,82095.97943115234,81982.43603515625,82411.19989013672,84056.3334350586,83268.77459716797,82865.12414550781,83917.28338623047,84939.23345947266,78549.93395996094,1.0
319,data/2/111.png,87790.5927734375,83390.04943847656,82455.54571533203,83041.34973144531,83463.5654296875,82771.25915527344,82620.79095458984,82398.18957519531,83830.03137207031,77636.61303710938,1.0
320,data/2/112.png,87556.77087402344,83219.71337890625,82870.29125976562,84024.35125732422,85541.55389404297,85624.78491210938,84236.88946533203,84821.34765625,86243.93371582031,78747.63641357422,1.0
321,data/2/113.png,87903.71057128906,85775.5966796875,84565.57061767578,85386.69818115234,87040.24719238281,85201.06140136719,83814.06335449219,84248.04803466797,85413.17950439453,78442.6015625,1.0
322,data/2/114.png,87764.98425292969,79844.07153320312,80634.9927368164,81322.193359375,83700.880859375,87423.11364746094,87020.58703613281,87101.63049316406,87226.87854003906,78783.11535644531,1.0
323,data/2/115.png,85289.73229980469,79805.8197631836,79102.63134765625,78892.15441894531,79712.83880615234,79843.93005371094,79650.9751586914,80012.04711914062,80956.14489746094,79551.98236083984,1.0
324,data/2/116.png,86715.11846923828,80630.73193359375,81082.97619628906,81351.7333984375,82883.51745605469,81728.24334716797,78504.40258789062,77404.8519897461,78376.81622314453,79341.76306152344,1.0
325,data/2/117.png,86783.17181396484,81423.6937866211,80863.43054199219,81356.17889404297,82318.64721679688,74424.83129882812,73320.82971191406,72810.51348876953,73616.48950195312,75847.6851196289,1.0
326,data/2/118.png,86858.67657470703,81701.16973876953,81210.39093017578,81611.58728027344,83076.61926269531,85480.63305664062,84010.74438476562,84536.86975097656,85928.35748291016,77580.61413574219,1.0
327,data/2/119.png,87657.470703125,84224.64135742188,83618.10614013672,84557.73236083984,85591.77954101562,84872.72790527344,84561.02770996094,84568.89569091797,85559.16259765625,79160.83361816406,1.0
328,data/2/120.png,87813.29638671875,79457.53442382812,80281.2592163086,80733.06628417969,82389.1558227539,81339.26593017578,79698.42541503906,80569.13671875,81660.01727294922,76848.39465332031,1.0
329,data/2/121.png,87650.27355957031,79160.33917236328,80175.88861083984,80611.53729248047,82422.09326171875,85711.93078613281,85444.09368896484,85526.8251953125,85634.94403076172,76232.32537841797,1.0
330,data/2/122.png,86157.7124633789,80622.47589111328,80576.271484375,80454.33380126953,81168.96124267578,82145.38946533203,81791.64416503906,82214.04132080078,82883.7767944336,82603.3402709961,1.0
331,data/2/123.png,87656.39978027344,81221.94268798828,81598.56213378906,81685.0908203125,82560.70385742188,82650.14642333984,82095.77758789062,82693.78295898438,82883.69165039062,81734.64367675781,1.0
332,data/2/124.png,87935.92999267578,83124.9214477539,83385.04418945312,84216.69860839844,85537.28436279297,83563.5913696289,83350.7495727539,83926.61706542969,84283.82312011719,79950.16766357422,1.0
333,data/2/125.png,87523.16186523438,82195.2689819336,82585.24194335938,82872.9779663086,83900.64813232422,83473.40112304688,83093.41973876953,83212.17376708984,84246.99493408203,77632.39935302734,1.0
334,data/2/126.png,87619.14837646484,83060.14837646484,83035.64630126953,83842.68841552734,85023.75512695312,83397.31707763672,82870.45849609375,83477.20220947266,84418.10986328125,77504.90130615234,1.0
335,data/2/127.png,87585.84252929688,83897.53869628906,83692.47003173828,84444.71765136719,85795.4169921875,84682.74493408203,83805.66687011719,84205.0601196289,85748.73175048828,77530.22198486328,1.0
336,data/2/128.png,87717.6728515625,81175.32000732422,81260.63250732422,81792.92724609375,83162.30139160156,87400.28088378906,87118.81677246094,87236.751953125,87372.84301757812,77713.75830078125,1.0
337,data/2/129.png,86048.39599609375,82810.38220214844,81636.95489501953,81732.814453125,82402.57312011719,81925.37963867188,81459.13439941406,81734.5757446289,82815.40148925781,76937.75549316406,1.0
338,data/2/130.png,87078.99017333984,81315.54974365234,81357.47546386719,81397.58221435547,82945.65655517578,83595.83850097656,82641.96197509766,82873.32641601562,83287.29284667969,79093.09143066406,1.0
339,data/2/131.png,87343.55712890625,82282.93170166016,82313.56689453125,82542.30548095703,83726.39697265625,83872.61535644531,82458.30462646484,83033.73077392578,83781.85473632812,79157.7446899414,1.0
340,data/2/132.png,87565.8560180664,82935.61535644531,82873.86389160156,83526.0513305664,84855.7007446289,81757.5615234375,81014.35180664062,81119.3984375,81285.91064453125,76527.58508300781,1.0
341,data/2/133.png,87938.52014160156,85942.78234863281,86341.72863769531,85433.95245361328,86003.84204101562,85649.83544921875,85874.26739501953,86316.42761230469,86180.70239257812,76344.74780273438,1.0
342,data/2/134.png,86433.05249023438,82275.96374511719,82513.62103271484,82788.56072998047,82895.47021484375,82830.75830078125,82562.04565429688,82523.72198486328,82721.04315185547,84078.53845214844,1.0
343,data/2/135.png,86843.2837524414,83220.54388427734,84305.97119140625,83725.02990722656,83881.8325805664,83610.83508300781,84487.12237548828,84259.83471679688,84062.5869140625,84627.70446777344,1.0
344,data/2/136.png,87936.44067382812,83620.89465332031,83634.28198242188,83958.54675292969,84206.74517822266,83714.05859375,83332.34167480469,83444.09985351562,83332.18127441406,78375.08325195312,1.0
345,data/2/137.png,88378.36303710938,85066.37286376953,85193.55712890625,85279.73309326172,85011.37170410156,85773.13092041016,85926.59338378906,85782.44445800781,85552.24774169922,79971.7998046875,1.0
346,data/2/138.png,86819.45251464844,80502.826171875,80750.66101074219,80954.28857421875,82456.85119628906,81375.15008544922,80836.7505493164,81203.48596191406,81176.09088134766,76558.26043701172,1.0
347,data/2/139.png,86254.34246826172,82274.10400390625,81912.03717041016,81294.08990478516,81990.14245605469,81709.58752441406,80631.35333251953,81347.93273925781,82018.74584960938,83484.49145507812,1.0
348,data/2/140.png,87211.94201660156,81653.80352783203,81784.2494506836,81598.01977539062,82947.5014038086,82321.3189086914,81170.74645996094,81112.28466796875,81572.99560546875,75423.50073242188,1.0
349,data/2/141.png,87923.23852539062,82200.93920898438,81310.30224609375,81636.85290527344,83652.0277709961,83265.05798339844,80635.3408203125,81115.06530761719,81885.16082763672,79938.52355957031,1.0
350,data/2/142.png,87719.36224365234,81036.46942138672,80663.3892211914,81175.62030029297,83101.28881835938,82779.71398925781,80725.40368652344,81149.7680053711,81503.8310546875,77824.9287109375,1.0
351,data/2/143.png,86540.48217773438,80781.17413330078,80979.83807373047,80773.46350097656,81907.99053955078,80427.54125976562,80423.93591308594,80829.48303222656,81483.2534790039,79266.43170166016,1.0
352,data/2/144.png,87642.70709228516,81819.94470214844,79727.40618896484,82989.81378173828,84249.18994140625,82342.20275878906,82757.89758300781,81700.54931640625,82984.16888427734,79574.98065185547,1.0
353,data/2/145.png,87323.1103515625,80950.91076660156,80857.94329833984,82103.86804199219,83696.72277832031,80837.7289428711,79761.21124267578,80899.85852050781,81817.45446777344,78516.98901367188,1.0
354,data/2/146.png,87290.40637207031,81071.96856689453,81286.01318359375,81610.62609863281,82387.75842285156,81762.06658935547,81339.28924560547,81504.52154541016,82094.67602539062,78524.26678466797,1.0
355,data/2/147.png,87451.22930908203,74853.02618408203,74961.34197998047,75569.74090576172,78898.72247314453,80017.19226074219,79715.82879638672,80100.83422851562,80391.71789550781,78231.74633789062,1.0
356,data/2/148.png,87107.92999267578,79471.31591796875,79380.79187011719,79871.51739501953,81744.44653320312,82666.29022216797,77533.66424560547,81352.69140625,83588.06506347656,77662.5785522461,1.0
357,data/2/149.png,85384.41284179688,77551.1889038086,77443.62982177734,77408.0718383789,78929.87658691406,79351.39666748047,78041.42529296875,78198.98596191406,78379.69787597656,82152.51531982422,1.0
358,data/2/150.png,87205.30548095703,80483.69946289062,80112.2279663086,80206.84356689453,82346.67749023438,80809.14672851562,80136.80889892578,80072.97009277344,80484.52734375,79205.91564941406,1.0
359,data/2/151.png,87724.67449951172,80835.3334350586,81096.20623779297,82101.35034179688,84067.13220214844,82445.5111694336,80218.68524169922,80739.72485351562,81947.58660888672,80557.5425415039,1.0
360,data/2/152.png,87127.00634765625,79354.6332397461,79132.05865478516,79408.27545166016,81520.79022216797,81398.9828491211,80125.01306152344,80376.49731445312,81008.19561767578,81439.22247314453,1.0
361,data/2/153.png,87836.89379882812,81140.67303466797,81866.16137695312,82210.33978271484,83640.64324951172,82195.65234375,81698.5044555664,82157.78887939453,83012.97857666016,80690.08752441406,1.0
362,data/2/154.png,87251.60998535156,80762.85681152344,80352.427734375,80892.9066772461,82942.95037841797,81844.68395996094,80295.06512451172,80692.69708251953,81674.17578125,79437.25756835938,1.0
363,data/2/155.png,87246.07666015625,80205.7494506836,79962.67932128906,80487.10479736328,83510.63659667969,80712.73937988281,79624.00708007812,80252.0396118164,80699.34167480469,78169.45892333984,1.0
364,data/2/156.png,85150.7847290039,78012.78399658203,77836.91827392578,77999.8862915039,79489.52893066406,79327.1488647461,78022.3344116211,78033.43817138672,78437.90460205078,83100.19250488281,1.0
365,data/2/157.png,86889.70111083984,79163.69104003906,79504.693359375,79682.92126464844,81238.67901611328,81342.57409667969,80424.03820800781,80204.92169189453,80895.61987304688,77136.0414428711,1.0
366,data/2/158.png,87854.13507080078,79585.54174804688,79717.74139404297,80409.81072998047,82231.31268310547,81575.14697265625,79489.3349609375,80345.78729248047,80604.32214355469,76886.45104980469,1.0
367,data/2/159.png,86941.966796875,84754.59143066406,84813.64233398438,85070.19360351562,85486.37298583984,85187.35809326172,84361.00665283203,84705.87286376953,85043.02099609375,83533.8666381836,1.0
368,data/2/160.png,86965.97705078125,81589.01342773438,81279.87243652344,81127.44128417969,83538.09558105469,80718.90423583984,79959.74688720703,80761.7651977539,80769.21008300781,80601.43664550781,1.0
369,data/2/161.png,86964.53002929688,79259.44995117188,79256.71563720703,79787.20123291016,82428.71319580078,80876.0747680664,79033.80310058594,79277.45153808594,79742.84942626953,81485.56854248047,1.0
370,data/2/162.png,86930.90185546875,78710.75390625,79002.53680419922,79094.32440185547,81669.24603271484,80378.03125,78559.24914550781,79197.92932128906,79910.52917480469,81408.21118164062,1.0
371,data/2/163.png,88003.4614868164,84543.63635253906,81751.44250488281,82394.19409179688,85867.36712646484,80573.4916381836,78761.21606445312,79102.36413574219,79988.32751464844,81428.58898925781,1.0
372,data/2/164.png,86934.630859375,78878.86083984375,79126.62493896484,79680.20330810547,82290.59649658203,80880.42370605469,79550.10321044922,80878.5912475586,81446.28424072266,81540.21716308594,1.0
373,data/2/165.png,87446.05767822266,79899.95196533203,80414.15228271484,80137.5668334961,82502.43115234375,81188.49621582031,79449.65606689453,80177.23809814453,81091.62335205078,82447.39013671875,1.0
374,data/2/166.png,86459.75567626953,78845.9369506836,79588.91802978516,80446.88903808594,83049.30975341797,80716.45068359375,80331.6958618164,80631.63830566406,81047.00006103516,79176.9271850586,1.0
375,data/2/167.png,78891.3876953125,74061.04223632812,73337.20184326172,74126.5806274414,77030.53796386719,77297.97393798828,75251.04412841797,75601.9232788086,78086.34912109375,70301.09106445312,1.0
376,data/2/168.png,79853.98223876953,75728.72338867188,75184.91229248047,76838.0537109375,77892.30194091797,77365.39575195312,74905.87664794922,75455.505859375,78397.99621582031,69943.9849243164,1.0
377,data/2/169.png,79948.39178466797,76002.74322509766,76578.64294433594,77931.53253173828,79371.31774902344,74631.01763916016,71566.88854980469,73006.88256835938,72409.00762939453,73375.14404296875,1.0
378,data/2/170.png,80543.25891113281,71680.76104736328,70796.85626220703,72144.00311279297,75455.32104492188,77613.04309082031,75332.09497070312,75815.40954589844,77810.88452148438,71290.85949707031,1.0
379,data/2/171.png,86431.42852783203,79887.71923828125,80249.12145996094,80515.76837158203,81492.9898071289,76347.06506347656,73625.16271972656,79020.21466064453,80015.81860351562,81808.75012207031,1.0
380,data/2/172.png,87277.2710571289,80408.76568603516,80615.30194091797,81184.42694091797,82483.18347167969,79820.7651977539,79213.13342285156,79537.25732421875,79582.0620727539,79425.6889038086,1.0
381,data/2/173.png,87130.51623535156,80067.27563476562,80257.69262695312,80724.25305175781,82235.50231933594,78543.59674072266,78841.41516113281,79629.88177490234,80159.79736328125,78475.62237548828,1.0
382,data/2/174.png,87132.45227050781,80143.35858154297,80415.03887939453,80576.20245361328,82283.0376586914,80543.90643310547,80138.70263671875,80608.76440429688,81146.34259033203,79195.10430908203,1.0
383,data/2/175.png,87870.65753173828,83318.03533935547,82775.23876953125,83484.12530517578,85061.41662597656,77739.98608398438,71792.99084472656,75086.5541381836,73303.19689941406,78327.79180908203,1.0
384,data/2/176.png,87968.9497680664,80408.82568359375,80436.0230102539,81168.8638305664,82803.55535888672,86142.54040527344,85824.78515625,85854.2680053711,86137.78186035156,77688.03857421875,1.0
385,data/2/177.png,85567.2216796875,80184.35974121094,79845.5625,79795.29418945312,80440.04406738281,79664.38970947266,78815.44409179688,79417.33032226562,79364.03198242188,83219.55688476562,1.0
386,data/2/178.png,86030.42596435547,78391.97351074219,79090.77087402344,79160.82885742188,81549.98388671875,78132.11254882812,78271.64465332031,78583.19842529297,78803.53204345703,82361.02856445312,1.0
387,data/2/179.png,87058.31121826172,78721.00341796875,79153.69152832031,79994.06024169922,80577.30590820312,79941.86291503906,78915.20721435547,79652.580078125,80066.11181640625,80276.8837890625,1.0
388,data/2/180.png,85725.20642089844,79059.5630493164,79574.94799804688,80199.29711914062,82591.64428710938,81274.64849853516,70472.2817993164,75639.64392089844,69749.3062133789,80703.98028564453,1.0
389,data/2/181.png,87037.7631225586,79588.49145507812,80392.71685791016,81076.40466308594,81809.7905883789,80708.94494628906,79022.2680053711,79013.78771972656,79618.34704589844,78983.1635131836,1.0
390,data/2/182.png,85218.91589355469,77691.75213623047,78383.55194091797,78684.14477539062,80837.67510986328,81679.95538330078,81805.18762207031,81790.87908935547,82472.07531738281,80651.61474609375,1.0
391,data/2/183.png,86853.46557617188,80243.79675292969,80180.6762084961,80352.94812011719,81727.25421142578,82327.66076660156,82128.84436035156,81917.02172851562,82187.44421386719,77866.1050415039,1.0
392,data/2/184.png,84559.4877319336,77614.30639648438,77886.71630859375,78262.32110595703,80322.81457519531,78206.69079589844,78939.3627319336,79497.81774902344,79743.6943359375,77073.33697509766,1.0
393,data/2/185.png,87733.78625488281,79903.23168945312,79767.40612792969,80636.94152832031,81807.33502197266,81830.02966308594,79186.4819946289,79911.04638671875,81107.65197753906,78154.80059814453,1.0
394,data/2/186.png,86923.5043334961,82260.52508544922,81489.82513427734,81291.81713867188,84305.27716064453,80962.53100585938,80718.15228271484,81414.703125,83230.01306152344,80024.99084472656,1.0
395,data/2/187.png,87434.23657226562,80959.72686767578,80944.32275390625,80838.73291015625,83242.47381591797,82201.00494384766,82125.28326416016,82665.91021728516,84188.82916259766,79031.99096679688,1.0
396,data/2/188.png,87661.2095336914,80741.26867675781,80978.55932617188,81421.26275634766,83694.66223144531,81195.75207519531,81404.1508178711,81686.30828857422,83226.50622558594,80249.99084472656,1.0
397,data/2/189.png,87574.52770996094,80586.4624633789,80478.60168457031,80866.29766845703,83410.77410888672,82929.19635009766,82665.71643066406,83449.88299560547,84839.5595703125,83381.99047851562,1.0
398,data/2/190.png,88200.6156616211,81882.69091796875,81081.5326538086,81283.62884521484,83506.61590576172,80246.64001464844,80523.236328125,81420.58666992188,83340.50091552734,81243.99072265625,1.0
399,data/2/191.png,87799.00988769531,81469.33325195312,82406.99169921875,83598.70739746094,84985.4721069336,79484.82067871094,80505.79803466797,80823.88348388672,82428.05950927734,80099.99084472656,1.0
400,data/2/192.png,87681.3110961914,80939.39526367188,81556.5961303711,82823.06359863281,83895.6044921875,81864.36529541016,81871.66528320312,82177.23992919922,83751.54675292969,80099.99084472656,1.0
401,data/2/193.png,88397.77044677734,84788.91131591797,85155.1480102539,83002.99780273438,84594.86694335938,82789.76336669922,78950.44696044922,81672.1929321289,83549.78723144531,78182.99108886719,1.0
402,data/2/194.png,87730.81707763672,81964.28552246094,81399.6019897461,81928.95886230469,83517.91619873047,82018.91674804688,82287.57696533203,81764.67468261719,83714.0556640625,83147.99047851562,1.0
403,data/2/195.png,88112.9780883789,80572.87078857422,81520.32928466797,81726.36474609375,83928.9892578125,81432.27502441406,81133.35577392578,81435.93811035156,83363.31243896484,82158.99060058594,1.0
404,data/2/196.png,87737.8408203125,82938.43280029297,82388.52966308594,82679.1791381836,84849.97271728516,81735.0048828125,81779.20495605469,82073.66174316406,83988.09979248047,80174.99084472656,1.0
405,data/2/197.png,87686.2685546875,81882.67358398438,82526.01434326172,82659.83074951172,84628.17224121094,82831.28369140625,82897.1494140625,83721.93664550781,84897.0092163086,80249.99084472656,1.0
406,data/2/198.png,88536.03924560547,85819.79943847656,85101.90795898438,85603.30194091797,87363.4365234375,84183.18670654297,83728.0054321289,84129.60736083984,85722.79278564453,82447.58044433594,1.0
407,data/2/199.png,88354.333984375,82513.35223388672,82358.65295410156,82564.21954345703,84527.9175415039,81005.78234863281,81283.17028808594,81581.89343261719,83068.99182128906,81319.99072265625,1.0
408,data/2/200.png,88073.82940673828,84811.84765625,84452.5283203125,84787.07421875,85956.01531982422,83393.29675292969,83852.74810791016,84445.28723144531,85228.42547607422,81106.8203125,1.0
409,data/2/201.png,87818.6724243164,83671.05224609375,83182.93615722656,84206.18237304688,85465.59405517578,81691.14379882812,81590.4115600586,82400.20111083984,83601.16229248047,83147.99047851562,1.0
410,data/2/202.png,87478.95776367188,81294.26123046875,82109.91198730469,82089.18872070312,84153.84790039062,81072.13470458984,80421.58990478516,81086.51354980469,82534.0191040039,82158.99060058594,1.0
411,data/2/203.png,86346.30267333984,81124.83715820312,81158.20263671875,81299.81646728516,82058.28173828125,81091.31884765625,80082.59338378906,80692.13146972656,81527.9619140625,81359.77447509766,1.0
412,data/2/204.png,87049.85095214844,80295.8173828125,80730.74822998047,81286.46002197266,82992.02221679688,80813.8685913086,80420.01037597656,80958.89880371094,81202.24731445312,79294.98260498047,1.0
413,data/2/205.png,86883.85095214844,80129.8173828125,80564.74822998047,81120.46002197266,82826.02221679688,80647.8685913086,80254.01037597656,80792.89880371094,81036.24731445312,78079.98272705078,1.0
414,data/2/206.png,87069.95513916016,80672.98858642578,80754.8745727539,81381.48614501953,83681.36328125,81374.12591552734,81051.45349121094,81976.14654541016,83000.63989257812,76435.81042480469,1.0
415,data/2/207.png,86633.05432128906,80565.29888916016,81178.36322021484,81708.93328857422,83775.84362792969,82288.1880493164,80844.35162353516,81269.62878417969,82320.16143798828,81441.17010498047,1.0
416,data/2/208.png,86276.26867675781,79293.71453857422,78793.33361816406,80367.92687988281,82144.88751220703,82784.13012695312,81765.8921508789,81783.9916381836,82367.70196533203,81035.80627441406,1.0
417,data/2/209.png,85211.45098876953,78105.525390625,77759.53369140625,78296.34619140625,79932.9037475586,80155.84057617188,78822.67736816406,79470.08013916016,80228.79400634766,83712.50579833984,1.0
418,data/2/210.png,87861.6187133789,84090.53088378906,81744.31048583984,82429.29736328125,85005.40161132812,83794.18310546875,83298.97198486328,82515.05383300781,82884.27545166016,77500.90728759766,1.0
419,data/2/211.png,87815.00701904297,83475.24035644531,79685.42779541016,80386.46301269531,82259.30261230469,87457.75457763672,84182.62817382812,84803.34338378906,84649.10266113281,78589.3179321289,1.0
